<?xml version="1.0" encoding="UTF-8"?>
<root>
  <item name="us.zoom.androidlib.RecyclerView.FastScroller mAnimationState">
    <annotation name="androidx.annotation.IntDef">
      <val name="value" val="{us.zoom.androidlib.RecyclerView.FastScroller.ANIMATION_STATE_OUT, us.zoom.androidlib.RecyclerView.FastScroller.ANIMATION_STATE_FADING_IN, us.zoom.androidlib.RecyclerView.FastScroller.ANIMATION_STATE_IN, us.zoom.androidlib.RecyclerView.FastScroller.ANIMATION_STATE_FADING_OUT}" />
    </annotation>
  </item>
  <item name="us.zoom.androidlib.RecyclerView.FastScroller mDragState">
    <annotation name="androidx.annotation.IntDef">
      <val name="value" val="{us.zoom.androidlib.RecyclerView.FastScroller.DRAG_X, us.zoom.androidlib.RecyclerView.FastScroller.DRAG_Y, us.zoom.androidlib.RecyclerView.FastScroller.DRAG_NONE}" />
    </annotation>
  </item>
  <item name="us.zoom.androidlib.RecyclerView.FastScroller mState">
    <annotation name="androidx.annotation.IntDef">
      <val name="value" val="{us.zoom.androidlib.RecyclerView.FastScroller.STATE_HIDDEN, us.zoom.androidlib.RecyclerView.FastScroller.STATE_VISIBLE, us.zoom.androidlib.RecyclerView.FastScroller.STATE_DRAGGING}" />
    </annotation>
  </item>
  <item name="us.zoom.androidlib.RecyclerView.FastScroller void setState(int) 0">
    <annotation name="androidx.annotation.IntDef">
      <val name="value" val="{us.zoom.androidlib.RecyclerView.FastScroller.STATE_HIDDEN, us.zoom.androidlib.RecyclerView.FastScroller.STATE_VISIBLE, us.zoom.androidlib.RecyclerView.FastScroller.STATE_DRAGGING}" />
    </annotation>
  </item>
  <item name="us.zoom.androidlib.RecyclerView.GridLayoutManager GridLayoutManager(android.content.Context, int, int, boolean) 2">
    <annotation name="androidx.annotation.IntDef">
      <val name="value" val="{us.zoom.androidlib.RecyclerView.RecyclerView.HORIZONTAL, us.zoom.androidlib.RecyclerView.RecyclerView.VERTICAL}" />
    </annotation>
  </item>
  <item name="us.zoom.androidlib.RecyclerView.LinearLayoutManager LinearLayoutManager(android.content.Context, int, boolean) 1">
    <annotation name="androidx.annotation.IntDef">
      <val name="value" val="{us.zoom.androidlib.RecyclerView.RecyclerView.HORIZONTAL, us.zoom.androidlib.RecyclerView.RecyclerView.VERTICAL}" />
    </annotation>
  </item>
  <item name="us.zoom.androidlib.RecyclerView.LinearLayoutManager int getOrientation()">
    <annotation name="androidx.annotation.IntDef">
      <val name="value" val="{us.zoom.androidlib.RecyclerView.RecyclerView.HORIZONTAL, us.zoom.androidlib.RecyclerView.RecyclerView.VERTICAL}" />
    </annotation>
  </item>
  <item name="us.zoom.androidlib.RecyclerView.LinearLayoutManager mOrientation">
    <annotation name="androidx.annotation.IntDef">
      <val name="value" val="{us.zoom.androidlib.RecyclerView.RecyclerView.HORIZONTAL, us.zoom.androidlib.RecyclerView.RecyclerView.VERTICAL}" />
    </annotation>
  </item>
  <item name="us.zoom.androidlib.RecyclerView.LinearLayoutManager void setOrientation(int) 0">
    <annotation name="androidx.annotation.IntDef">
      <val name="value" val="{us.zoom.androidlib.RecyclerView.RecyclerView.HORIZONTAL, us.zoom.androidlib.RecyclerView.RecyclerView.VERTICAL}" />
    </annotation>
  </item>
  <item name="us.zoom.androidlib.RecyclerView.OrientationHelper us.zoom.androidlib.RecyclerView.OrientationHelper createOrientationHelper(us.zoom.androidlib.RecyclerView.RecyclerView.LayoutManager, int) 1">
    <annotation name="androidx.annotation.IntDef">
      <val name="value" val="{us.zoom.androidlib.RecyclerView.RecyclerView.HORIZONTAL, us.zoom.androidlib.RecyclerView.RecyclerView.VERTICAL}" />
    </annotation>
  </item>
  <item name="us.zoom.androidlib.RecyclerView.RecyclerView.EdgeEffectFactory android.widget.EdgeEffect createEdgeEffect(us.zoom.androidlib.RecyclerView.RecyclerView, int) 1">
    <annotation name="androidx.annotation.IntDef">
      <val name="value" val="{us.zoom.androidlib.RecyclerView.RecyclerView.EdgeEffectFactory.DIRECTION_LEFT, us.zoom.androidlib.RecyclerView.RecyclerView.EdgeEffectFactory.DIRECTION_TOP, us.zoom.androidlib.RecyclerView.RecyclerView.EdgeEffectFactory.DIRECTION_RIGHT, us.zoom.androidlib.RecyclerView.RecyclerView.EdgeEffectFactory.DIRECTION_BOTTOM}" />
    </annotation>
  </item>
  <item name="us.zoom.androidlib.RecyclerView.RecyclerView.EdgeEffectFactory.EdgeDirection">
    <annotation name="androidx.annotation.IntDef">
      <val name="value" val="{us.zoom.androidlib.RecyclerView.RecyclerView.EdgeEffectFactory.DIRECTION_LEFT, us.zoom.androidlib.RecyclerView.RecyclerView.EdgeEffectFactory.DIRECTION_TOP, us.zoom.androidlib.RecyclerView.RecyclerView.EdgeEffectFactory.DIRECTION_RIGHT, us.zoom.androidlib.RecyclerView.RecyclerView.EdgeEffectFactory.DIRECTION_BOTTOM}" />
    </annotation>
  </item>
  <item name="us.zoom.androidlib.RecyclerView.RecyclerView.ItemAnimator int buildAdapterChangeFlagsForAnimations(us.zoom.androidlib.RecyclerView.RecyclerView.ViewHolder)">
    <annotation name="androidx.annotation.IntDef">
      <val name="flag" val="true" />
      <val name="value" val="{us.zoom.androidlib.RecyclerView.RecyclerView.ItemAnimator.FLAG_CHANGED, us.zoom.androidlib.RecyclerView.RecyclerView.ItemAnimator.FLAG_REMOVED, us.zoom.androidlib.RecyclerView.RecyclerView.ItemAnimator.FLAG_MOVED, us.zoom.androidlib.RecyclerView.RecyclerView.ItemAnimator.FLAG_INVALIDATED, us.zoom.androidlib.RecyclerView.RecyclerView.ItemAnimator.FLAG_APPEARED_IN_PRE_LAYOUT}" />
    </annotation>
  </item>
  <item name="us.zoom.androidlib.RecyclerView.RecyclerView.ItemAnimator us.zoom.androidlib.RecyclerView.RecyclerView.ItemAnimator.ItemHolderInfo recordPreLayoutInformation(us.zoom.androidlib.RecyclerView.RecyclerView.State, us.zoom.androidlib.RecyclerView.RecyclerView.ViewHolder, int, java.util.List&lt;java.lang.Object&gt;) 2">
    <annotation name="androidx.annotation.IntDef">
      <val name="flag" val="true" />
      <val name="value" val="{us.zoom.androidlib.RecyclerView.RecyclerView.ItemAnimator.FLAG_CHANGED, us.zoom.androidlib.RecyclerView.RecyclerView.ItemAnimator.FLAG_REMOVED, us.zoom.androidlib.RecyclerView.RecyclerView.ItemAnimator.FLAG_MOVED, us.zoom.androidlib.RecyclerView.RecyclerView.ItemAnimator.FLAG_INVALIDATED, us.zoom.androidlib.RecyclerView.RecyclerView.ItemAnimator.FLAG_APPEARED_IN_PRE_LAYOUT}" />
    </annotation>
  </item>
  <item name="us.zoom.androidlib.RecyclerView.RecyclerView.ItemAnimator.AdapterChanges">
    <annotation name="androidx.annotation.IntDef">
      <val name="flag" val="true" />
      <val name="value" val="{us.zoom.androidlib.RecyclerView.RecyclerView.ItemAnimator.FLAG_CHANGED, us.zoom.androidlib.RecyclerView.RecyclerView.ItemAnimator.FLAG_REMOVED, us.zoom.androidlib.RecyclerView.RecyclerView.ItemAnimator.FLAG_MOVED, us.zoom.androidlib.RecyclerView.RecyclerView.ItemAnimator.FLAG_INVALIDATED, us.zoom.androidlib.RecyclerView.RecyclerView.ItemAnimator.FLAG_APPEARED_IN_PRE_LAYOUT}" />
    </annotation>
  </item>
  <item name="us.zoom.androidlib.RecyclerView.RecyclerView.ItemAnimator.ItemHolderInfo changeFlags">
    <annotation name="androidx.annotation.IntDef">
      <val name="flag" val="true" />
      <val name="value" val="{us.zoom.androidlib.RecyclerView.RecyclerView.ItemAnimator.FLAG_CHANGED, us.zoom.androidlib.RecyclerView.RecyclerView.ItemAnimator.FLAG_REMOVED, us.zoom.androidlib.RecyclerView.RecyclerView.ItemAnimator.FLAG_MOVED, us.zoom.androidlib.RecyclerView.RecyclerView.ItemAnimator.FLAG_INVALIDATED, us.zoom.androidlib.RecyclerView.RecyclerView.ItemAnimator.FLAG_APPEARED_IN_PRE_LAYOUT}" />
    </annotation>
  </item>
  <item name="us.zoom.androidlib.RecyclerView.RecyclerView.ItemAnimator.ItemHolderInfo us.zoom.androidlib.RecyclerView.RecyclerView.ItemAnimator.ItemHolderInfo setFrom(us.zoom.androidlib.RecyclerView.RecyclerView.ViewHolder, int) 1">
    <annotation name="androidx.annotation.IntDef">
      <val name="flag" val="true" />
      <val name="value" val="{us.zoom.androidlib.RecyclerView.RecyclerView.ItemAnimator.FLAG_CHANGED, us.zoom.androidlib.RecyclerView.RecyclerView.ItemAnimator.FLAG_REMOVED, us.zoom.androidlib.RecyclerView.RecyclerView.ItemAnimator.FLAG_MOVED, us.zoom.androidlib.RecyclerView.RecyclerView.ItemAnimator.FLAG_INVALIDATED, us.zoom.androidlib.RecyclerView.RecyclerView.ItemAnimator.FLAG_APPEARED_IN_PRE_LAYOUT}" />
    </annotation>
  </item>
  <item name="us.zoom.androidlib.RecyclerView.RecyclerView.Orientation">
    <annotation name="androidx.annotation.IntDef">
      <val name="value" val="{us.zoom.androidlib.RecyclerView.RecyclerView.HORIZONTAL, us.zoom.androidlib.RecyclerView.RecyclerView.VERTICAL}" />
    </annotation>
  </item>
  <item name="us.zoom.androidlib.RecyclerView.RecyclerView.State mLayoutStep">
    <annotation name="androidx.annotation.IntDef">
      <val name="flag" val="true" />
      <val name="value" val="{us.zoom.androidlib.RecyclerView.RecyclerView.State.STEP_START, us.zoom.androidlib.RecyclerView.RecyclerView.State.STEP_LAYOUT, us.zoom.androidlib.RecyclerView.RecyclerView.State.STEP_ANIMATIONS}" />
    </annotation>
  </item>
  <item name="us.zoom.androidlib.RecyclerView.ViewBoundsCheck android.view.View findOneViewWithinBoundFlags(int, int, int, int) 2">
    <annotation name="androidx.annotation.IntDef">
      <val name="flag" val="true" />
      <val name="value" val="{us.zoom.androidlib.RecyclerView.ViewBoundsCheck.FLAG_CVS_GT_PVS, us.zoom.androidlib.RecyclerView.ViewBoundsCheck.FLAG_CVS_EQ_PVS, us.zoom.androidlib.RecyclerView.ViewBoundsCheck.FLAG_CVS_LT_PVS, us.zoom.androidlib.RecyclerView.ViewBoundsCheck.FLAG_CVS_GT_PVE, us.zoom.androidlib.RecyclerView.ViewBoundsCheck.FLAG_CVS_EQ_PVE, us.zoom.androidlib.RecyclerView.ViewBoundsCheck.FLAG_CVS_LT_PVE, us.zoom.androidlib.RecyclerView.ViewBoundsCheck.FLAG_CVE_GT_PVS, us.zoom.androidlib.RecyclerView.ViewBoundsCheck.FLAG_CVE_EQ_PVS, us.zoom.androidlib.RecyclerView.ViewBoundsCheck.FLAG_CVE_LT_PVS, us.zoom.androidlib.RecyclerView.ViewBoundsCheck.FLAG_CVE_GT_PVE, us.zoom.androidlib.RecyclerView.ViewBoundsCheck.FLAG_CVE_EQ_PVE, us.zoom.androidlib.RecyclerView.ViewBoundsCheck.FLAG_CVE_LT_PVE}" />
    </annotation>
  </item>
  <item name="us.zoom.androidlib.RecyclerView.ViewBoundsCheck android.view.View findOneViewWithinBoundFlags(int, int, int, int) 3">
    <annotation name="androidx.annotation.IntDef">
      <val name="flag" val="true" />
      <val name="value" val="{us.zoom.androidlib.RecyclerView.ViewBoundsCheck.FLAG_CVS_GT_PVS, us.zoom.androidlib.RecyclerView.ViewBoundsCheck.FLAG_CVS_EQ_PVS, us.zoom.androidlib.RecyclerView.ViewBoundsCheck.FLAG_CVS_LT_PVS, us.zoom.androidlib.RecyclerView.ViewBoundsCheck.FLAG_CVS_GT_PVE, us.zoom.androidlib.RecyclerView.ViewBoundsCheck.FLAG_CVS_EQ_PVE, us.zoom.androidlib.RecyclerView.ViewBoundsCheck.FLAG_CVS_LT_PVE, us.zoom.androidlib.RecyclerView.ViewBoundsCheck.FLAG_CVE_GT_PVS, us.zoom.androidlib.RecyclerView.ViewBoundsCheck.FLAG_CVE_EQ_PVS, us.zoom.androidlib.RecyclerView.ViewBoundsCheck.FLAG_CVE_LT_PVS, us.zoom.androidlib.RecyclerView.ViewBoundsCheck.FLAG_CVE_GT_PVE, us.zoom.androidlib.RecyclerView.ViewBoundsCheck.FLAG_CVE_EQ_PVE, us.zoom.androidlib.RecyclerView.ViewBoundsCheck.FLAG_CVE_LT_PVE}" />
    </annotation>
  </item>
  <item name="us.zoom.androidlib.RecyclerView.ViewBoundsCheck boolean isViewWithinBoundFlags(android.view.View, int) 1">
    <annotation name="androidx.annotation.IntDef">
      <val name="flag" val="true" />
      <val name="value" val="{us.zoom.androidlib.RecyclerView.ViewBoundsCheck.FLAG_CVS_GT_PVS, us.zoom.androidlib.RecyclerView.ViewBoundsCheck.FLAG_CVS_EQ_PVS, us.zoom.androidlib.RecyclerView.ViewBoundsCheck.FLAG_CVS_LT_PVS, us.zoom.androidlib.RecyclerView.ViewBoundsCheck.FLAG_CVS_GT_PVE, us.zoom.androidlib.RecyclerView.ViewBoundsCheck.FLAG_CVS_EQ_PVE, us.zoom.androidlib.RecyclerView.ViewBoundsCheck.FLAG_CVS_LT_PVE, us.zoom.androidlib.RecyclerView.ViewBoundsCheck.FLAG_CVE_GT_PVS, us.zoom.androidlib.RecyclerView.ViewBoundsCheck.FLAG_CVE_EQ_PVS, us.zoom.androidlib.RecyclerView.ViewBoundsCheck.FLAG_CVE_LT_PVS, us.zoom.androidlib.RecyclerView.ViewBoundsCheck.FLAG_CVE_GT_PVE, us.zoom.androidlib.RecyclerView.ViewBoundsCheck.FLAG_CVE_EQ_PVE, us.zoom.androidlib.RecyclerView.ViewBoundsCheck.FLAG_CVE_LT_PVE}" />
    </annotation>
  </item>
  <item name="us.zoom.androidlib.RecyclerView.ViewBoundsCheck.BoundFlags void addFlags(int) 0">
    <annotation name="androidx.annotation.IntDef">
      <val name="flag" val="true" />
      <val name="value" val="{us.zoom.androidlib.RecyclerView.ViewBoundsCheck.FLAG_CVS_GT_PVS, us.zoom.androidlib.RecyclerView.ViewBoundsCheck.FLAG_CVS_EQ_PVS, us.zoom.androidlib.RecyclerView.ViewBoundsCheck.FLAG_CVS_LT_PVS, us.zoom.androidlib.RecyclerView.ViewBoundsCheck.FLAG_CVS_GT_PVE, us.zoom.androidlib.RecyclerView.ViewBoundsCheck.FLAG_CVS_EQ_PVE, us.zoom.androidlib.RecyclerView.ViewBoundsCheck.FLAG_CVS_LT_PVE, us.zoom.androidlib.RecyclerView.ViewBoundsCheck.FLAG_CVE_GT_PVS, us.zoom.androidlib.RecyclerView.ViewBoundsCheck.FLAG_CVE_EQ_PVS, us.zoom.androidlib.RecyclerView.ViewBoundsCheck.FLAG_CVE_LT_PVS, us.zoom.androidlib.RecyclerView.ViewBoundsCheck.FLAG_CVE_GT_PVE, us.zoom.androidlib.RecyclerView.ViewBoundsCheck.FLAG_CVE_EQ_PVE, us.zoom.androidlib.RecyclerView.ViewBoundsCheck.FLAG_CVE_LT_PVE}" />
    </annotation>
  </item>
  <item name="us.zoom.androidlib.RecyclerView.ViewBoundsCheck.ViewBounds">
    <annotation name="androidx.annotation.IntDef">
      <val name="flag" val="true" />
      <val name="value" val="{us.zoom.androidlib.RecyclerView.ViewBoundsCheck.FLAG_CVS_GT_PVS, us.zoom.androidlib.RecyclerView.ViewBoundsCheck.FLAG_CVS_EQ_PVS, us.zoom.androidlib.RecyclerView.ViewBoundsCheck.FLAG_CVS_LT_PVS, us.zoom.androidlib.RecyclerView.ViewBoundsCheck.FLAG_CVS_GT_PVE, us.zoom.androidlib.RecyclerView.ViewBoundsCheck.FLAG_CVS_EQ_PVE, us.zoom.androidlib.RecyclerView.ViewBoundsCheck.FLAG_CVS_LT_PVE, us.zoom.androidlib.RecyclerView.ViewBoundsCheck.FLAG_CVE_GT_PVS, us.zoom.androidlib.RecyclerView.ViewBoundsCheck.FLAG_CVE_EQ_PVS, us.zoom.androidlib.RecyclerView.ViewBoundsCheck.FLAG_CVE_LT_PVS, us.zoom.androidlib.RecyclerView.ViewBoundsCheck.FLAG_CVE_GT_PVE, us.zoom.androidlib.RecyclerView.ViewBoundsCheck.FLAG_CVE_EQ_PVE, us.zoom.androidlib.RecyclerView.ViewBoundsCheck.FLAG_CVE_LT_PVE}" />
    </annotation>
  </item>
</root>

